{"cameraMode":{"drawMode":0,"name":"Shaded","section":"Shading Mode"},"sceneLighting":true,"audioPlay":false,"sceneViewState":{"showFog":true,"showMaterialUpdate":false,"showSkybox":true,"showFlares":true,"showImageEffects":true,"showParticleSystems":true},"in2DMode":false,"pivot":{"x":-17.190000534057618,"y":0.0,"z":3.4800000190734865},"rotation":{"x":-0.11697933077812195,"y":-0.03217436745762825,"z":0.003791806986555457,"w":-0.9926062822341919},"size":2.8578836917877199,"orthographic":false}